agency_id,reporting_agency_name
1,Government Accountability Office
2,Department of Justice
3,Department of State
4,Peace Corps
4,Peace Corps
5,United States Trade and Development Agency
6,Department of the Treasury
3,Department of State
3,Department of State
7,Department of Defense;Department of State
3,Department of State
3,Department of State
8,Department of Defense
7,Department of Defense;Department of State
8,Department of Defense
8,Department of Defense
8,Department of Defense
4,Peace Corps
8,Department of Defense
4,Peace Corps
4,Peace Corps
4,Peace Corps
9,Department of Agriculture
9,Department of Agriculture
9,Department of Agriculture
9,Department of Agriculture
9,Department of Agriculture
9,Department of Agriculture
9,Department of Agriculture
9,Department of Agriculture
9,Department of Agriculture
9,Department of Agriculture
9,Department of Agriculture
9,Department of Agriculture
9,Department of Agriculture
9,Department of Agriculture
9,Department of Agriculture
9,Department of Agriculture
9,Department of Agriculture
9,Department of Agriculture
9,Department of Agriculture
9,Department of Agriculture
9,Department of Agriculture
9,Department of Agriculture
9,Department of Agriculture
9,Department of Agriculture
9,Department of Agriculture
9,Department of Agriculture
9,Department of Agriculture
9,Department of Agriculture
9,Department of Agriculture
9,Department of Agriculture
9,Department of Agriculture
9,Department of Agriculture
9,Department of Agriculture
9,Department of Agriculture
9,Department of Agriculture
9,Department of Agriculture
9,Department of Agriculture
9,Department of Agriculture
9,Department of Agriculture
9,Department of Agriculture
9,Department of Agriculture
9,Department of Agriculture
10,Department of Agriculture;Department of Transportation
9,Department of Agriculture
11,Corps of Engineers - Civil Works;Department of Agriculture;Department of Defense;Department of the Interior
12,Department of Agriculture;Department of the Interior
9,Department of Agriculture
9,Department of Agriculture
9,Department of Agriculture
9,Department of Agriculture
9,Department of Agriculture
9,Department of Agriculture
9,Department of Agriculture
9,Department of Agriculture
9,Department of Agriculture
9,Department of Agriculture
9,Department of Agriculture
9,Department of Agriculture
9,Department of Agriculture
9,Department of Agriculture
9,Department of Agriculture
9,Department of Agriculture
9,Department of Agriculture
9,Department of Agriculture
9,Department of Agriculture
13,Small Business Administration
9,Department of Agriculture
9,Department of Agriculture
9,Department of Agriculture
9,Department of Agriculture
9,Department of Agriculture
9,Department of Agriculture
9,Department of Agriculture
9,Department of Agriculture
9,Department of Agriculture
9,Department of Agriculture
9,Department of Agriculture
9,Department of Agriculture
9,Department of Agriculture
14,Agency for International Development;Department of Agriculture
9,Department of Agriculture
9,Department of Agriculture
9,Department of Agriculture
9,Department of Agriculture
9,Department of Agriculture
9,Department of Agriculture
9,Department of Agriculture
9,Department of Agriculture
9,Department of Agriculture
9,Department of Agriculture
9,Department of Agriculture
9,Department of Agriculture
9,Department of Agriculture
9,Department of Agriculture
9,Department of Agriculture
9,Department of Agriculture
9,Department of Agriculture
9,Department of Agriculture
9,Department of Agriculture
9,Department of Agriculture
9,Department of Agriculture
9,Department of Agriculture
9,Department of Agriculture
9,Department of Agriculture
9,Department of Agriculture
9,Department of Agriculture
9,Department of Agriculture
9,Department of Agriculture
9,Department of Agriculture
9,Department of Agriculture
9,Department of Agriculture
9,Department of Agriculture
9,Department of Agriculture
9,Department of Agriculture
14,Agency for International Development;Department of Agriculture
9,Department of Agriculture
9,Department of Agriculture
9,Department of Agriculture
9,Department of Agriculture
9,Department of Agriculture
9,Department of Agriculture
9,Department of Agriculture
9,Department of Agriculture
9,Department of Agriculture
9,Department of Agriculture
9,Department of Agriculture
9,Department of Agriculture
9,Department of Agriculture
9,Department of Agriculture
9,Department of Agriculture
9,Department of Agriculture
9,Department of Agriculture
9,Department of Agriculture
9,Department of Agriculture
9,Department of Agriculture
9,Department of Agriculture
9,Department of Agriculture
9,Department of Agriculture
9,Department of Agriculture
9,Department of Agriculture
9,Department of Agriculture
9,Department of Agriculture
9,Department of Agriculture
9,Department of Agriculture
9,Department of Agriculture
9,Department of Agriculture
9,Department of Agriculture
9,Department of Agriculture
9,Department of Agriculture
9,Department of Agriculture
9,Department of Agriculture
9,Department of Agriculture
9,Department of Agriculture
9,Department of Agriculture
9,Department of Agriculture
9,Department of Agriculture
9,Department of Agriculture
9,Department of Agriculture
9,Department of Agriculture
9,Department of Agriculture
9,Department of Agriculture
9,Department of Agriculture
9,Department of Agriculture
9,Department of Agriculture
9,Department of Agriculture
9,Department of Agriculture
9,Department of Agriculture
9,Department of Agriculture
9,Department of Agriculture
9,Department of Agriculture
15,Department of Commerce
15,Department of Commerce
15,Department of Commerce
15,Department of Commerce
15,Department of Commerce
15,Department of Commerce
15,Department of Commerce
15,Department of Commerce
15,Department of Commerce
15,Department of Commerce
15,Department of Commerce
15,Department of Commerce
15,Department of Commerce
15,Department of Commerce
15,Department of Commerce
15,Department of Commerce
15,Department of Commerce
15,Department of Commerce
15,Department of Commerce
15,Department of Commerce
15,Department of Commerce
15,Department of Commerce
15,Department of Commerce
15,Department of Commerce
15,Department of Commerce
15,Department of Commerce
15,Department of Commerce
15,Department of Commerce
15,Department of Commerce
15,Department of Commerce
15,Department of Commerce
15,Department of Commerce
15,Department of Commerce
15,Department of Commerce
15,Department of Commerce
16,Department of Agriculture;Department of Commerce
15,Department of Commerce
15,Department of Commerce
15,Department of Commerce
15,Department of Commerce
15,Department of Commerce
15,Department of Commerce
15,Department of Commerce
15,Department of Commerce
15,Department of Commerce
15,Department of Commerce
15,Department of Commerce
15,Department of Commerce
15,Department of Commerce
15,Department of Commerce
15,Department of Commerce
15,Department of Commerce
15,Department of Commerce
15,Department of Commerce
15,Department of Commerce
15,Department of Commerce
15,Department of Commerce
15,Department of Commerce
15,Department of Commerce
15,Department of Commerce
15,Department of Commerce
15,Department of Commerce
17,Department of the Interior
17,Department of the Interior
17,Department of the Interior
17,Department of the Interior
17,Department of the Interior
17,Department of the Interior
17,Department of the Interior
17,Department of the Interior
17,Department of the Interior
17,Department of the Interior
17,Department of the Interior
17,Department of the Interior
17,Department of the Interior
17,Department of the Interior
17,Department of the Interior
17,Department of the Interior
17,Department of the Interior
17,Department of the Interior
18,Department of the Interior;Department of Transportation
18,Department of the Interior;Department of Transportation
17,Department of the Interior
17,Department of the Interior
17,Department of the Interior
18,Department of the Interior;Department of Transportation
17,Department of the Interior
17,Department of the Interior
18,Department of the Interior;Department of Transportation
17,Department of the Interior
17,Department of the Interior
17,Department of the Interior
17,Department of the Interior
17,Department of the Interior
17,Department of the Interior
17,Department of the Interior
17,Department of the Interior
17,Department of the Interior
17,Department of the Interior
17,Department of the Interior
17,Department of the Interior
17,Department of the Interior
17,Department of the Interior
17,Department of the Interior
17,Department of the Interior
17,Department of the Interior
17,Department of the Interior
17,Department of the Interior
17,Department of the Interior
17,Department of the Interior
17,Department of the Interior
17,Department of the Interior
17,Department of the Interior
17,Department of the Interior
17,Department of the Interior
17,Department of the Interior
17,Department of the Interior
17,Department of the Interior
17,Department of the Interior
17,Department of the Interior
17,Department of the Interior
17,Department of the Interior
17,Department of the Interior
17,Department of the Interior
17,Department of the Interior
17,Department of the Interior
17,Department of the Interior
17,Department of the Interior
17,Department of the Interior
17,Department of the Interior
17,Department of the Interior
17,Department of the Interior
17,Department of the Interior
17,Department of the Interior
17,Department of the Interior
17,Department of the Interior
17,Department of the Interior
17,Department of the Interior
17,Department of the Interior
17,Department of the Interior
17,Department of the Interior
17,Department of the Interior
17,Department of the Interior
17,Department of the Interior
17,Department of the Interior
17,Department of the Interior
17,Department of the Interior
17,Department of the Interior
17,Department of the Interior
17,Department of the Interior
17,Department of the Interior
17,Department of the Interior
17,Department of the Interior
17,Department of the Interior
17,Department of the Interior
17,Department of the Interior
17,Department of the Interior
17,Department of the Interior
17,Department of the Interior
17,Department of the Interior
17,Department of the Interior
17,Department of the Interior
17,Department of the Interior
17,Department of the Interior
17,Department of the Interior
17,Department of the Interior
17,Department of the Interior
17,Department of the Interior
17,Department of the Interior
17,Department of the Interior
17,Department of the Interior
17,Department of the Interior
17,Department of the Interior
19,Department of Agriculture;Department of the Interior;Department of Transportation
17,Department of the Interior
17,Department of the Interior
17,Department of the Interior
17,Department of the Interior
17,Department of the Interior
17,Department of the Interior
17,Department of the Interior
17,Department of the Interior
17,Department of the Interior
17,Department of the Interior
17,Department of the Interior
17,Department of the Interior
17,Department of the Interior
17,Department of the Interior
17,Department of the Interior
17,Department of the Interior
17,Department of the Interior
17,Department of the Interior
17,Department of the Interior
17,Department of the Interior
17,Department of the Interior
17,Department of the Interior
17,Department of the Interior
17,Department of the Interior
17,Department of the Interior
17,Department of the Interior
17,Department of the Interior
17,Department of the Interior
17,Department of the Interior
17,Department of the Interior
17,Department of the Interior
17,Department of the Interior
17,Department of the Interior
17,Department of the Interior
17,Department of the Interior
17,Department of the Interior
12,Department of Agriculture;Department of the Interior
17,Department of the Interior
17,Department of the Interior
17,Department of the Interior
17,Department of the Interior
17,Department of the Interior
17,Department of the Interior
17,Department of the Interior
17,Department of the Interior
17,Department of the Interior
17,Department of the Interior
17,Department of the Interior
17,Department of the Interior
17,Department of the Interior
17,Department of the Interior
17,Department of the Interior
17,Department of the Interior
17,Department of the Interior
17,Department of the Interior
17,Department of the Interior
18,Department of the Interior;Department of Transportation
17,Department of the Interior
17,Department of the Interior
17,Department of the Interior
17,Department of the Interior
17,Department of the Interior
17,Department of the Interior
17,Department of the Interior
17,Department of the Interior
17,Department of the Interior
17,Department of the Interior
17,Department of the Interior
17,Department of the Interior
17,Department of the Interior
17,Department of the Interior
17,Department of the Interior
17,Department of the Interior
17,Department of the Interior
2,Department of Justice
2,Department of Justice
2,Department of Justice
2,Department of Justice
2,Department of Justice
2,Department of Justice
2,Department of Justice
2,Department of Justice
2,Department of Justice
2,Department of Justice
2,Department of Justice
2,Department of Justice
2,Department of Justice
2,Department of Justice
2,Department of Justice
2,Department of Justice
2,Department of Justice
2,Department of Justice
2,Department of Justice
2,Department of Justice
2,Department of Justice
2,Department of Justice
2,Department of Justice
2,Department of Justice
20,Department of Justice;Department of the Interior
2,Department of Justice
2,Department of Justice
2,Department of Justice
2,Department of Justice
2,Department of Justice
21,Department of Health and Human Services;Department of Justice
2,Department of Justice
2,Department of Justice
2,Department of Justice
2,Department of Justice
2,Department of Justice
2,Department of Justice
2,Department of Justice
22,Department of Health and Human Services;Department of Justice;Department of the Interior
2,Department of Justice
2,Department of Justice
2,Department of Justice
2,Department of Justice
2,Department of Justice
2,Department of Justice
2,Department of Justice
2,Department of Justice
2,Department of Justice
17,Department of the Interior
9,Department of Agriculture
23,Pension Benefit Guaranty Corporation
8,Department of Defense
8,Department of Defense
8,Department of Defense
8,Department of Defense
8,Department of Defense
8,Department of Defense
8,Department of Defense
8,Department of Defense
8,Department of Defense
8,Department of Defense
8,Department of Defense
8,Department of Defense
8,Department of Defense
24,Department of Defense;Department of Transportation
8,Department of Defense
8,Department of Defense
8,Department of Defense
8,Department of Defense
8,Department of Defense
8,Department of Defense
8,Department of Defense
8,Department of Defense
8,Department of Defense
8,Department of Defense
24,Department of Defense;Department of Transportation
8,Department of Defense
8,Department of Defense
8,Department of Defense
8,Department of Defense
8,Department of Defense
8,Department of Defense
8,Department of Defense
8,Department of Defense
8,Department of Defense
8,Department of Defense
3,Department of State
3,Department of State
3,Department of State
3,Department of State
3,Department of State
3,Department of State
3,Department of State
3,Department of State
3,Department of State
3,Department of State
3,Department of State
3,Department of State
3,Department of State
25,Agency for International Development;Department of State
3,Department of State
3,Department of State
3,Department of State
3,Department of State
26,Agency for International Development;Department of Defense;Department of Health and Human Services;Department of State;Peace Corps
27,Agency for International Development;Department of Defense;Department of Health and Human Services;Department of State;Millennium Challenge Corporation;Peace Corps
3,Department of State
3,Department of State
3,Department of State
25,Agency for International Development;Department of State
3,Department of State
3,Department of State
3,Department of State
28,Agency for International Development
3,Department of State
3,Department of State
3,Department of State
3,Department of State
3,Department of State
3,Department of State
3,Department of State
3,Department of State
3,Department of State
3,Department of State
3,Department of State
3,Department of State
6,Department of the Treasury
6,Department of the Treasury
6,Department of the Treasury
6,Department of the Treasury
6,Department of the Treasury
6,Department of the Treasury
6,Department of the Treasury
6,Department of the Treasury
6,Department of the Treasury
6,Department of the Treasury
6,Department of the Treasury
6,Department of the Treasury
6,Department of the Treasury
6,Department of the Treasury
6,Department of the Treasury
6,Department of the Treasury
6,Department of the Treasury
6,Department of the Treasury
6,Department of the Treasury
6,Department of the Treasury
6,Department of the Treasury
6,Department of the Treasury
6,Department of the Treasury
6,Department of the Treasury
6,Department of the Treasury
6,Department of the Treasury
6,Department of the Treasury
6,Department of the Treasury
6,Department of the Treasury
6,Department of the Treasury
6,Department of the Treasury
6,Department of the Treasury
6,Department of the Treasury
6,Department of the Treasury
6,Department of the Treasury
6,Department of the Treasury
6,Department of the Treasury
6,Department of the Treasury
6,Department of the Treasury
6,Department of the Treasury
6,Department of the Treasury
6,Department of the Treasury
6,Department of the Treasury
6,Department of the Treasury
6,Department of the Treasury
6,Department of the Treasury
6,Department of the Treasury
6,Department of the Treasury
6,Department of the Treasury
6,Department of the Treasury
6,Department of the Treasury
6,Department of the Treasury
6,Department of the Treasury
6,Department of the Treasury
6,Department of the Treasury
6,Department of the Treasury
6,Department of the Treasury
6,Department of the Treasury
6,Department of the Treasury
6,Department of the Treasury
6,Department of the Treasury
6,Department of the Treasury
6,Department of the Treasury
6,Department of the Treasury
6,Department of the Treasury
6,Department of the Treasury
6,Department of the Treasury
6,Department of the Treasury
6,Department of the Treasury
29,Department of Health and Human Services;Department of the Treasury
29,Department of Health and Human Services;Department of the Treasury
6,Department of the Treasury
6,Department of the Treasury
6,Department of the Treasury
6,Department of the Treasury
6,Department of the Treasury
6,Department of the Treasury
6,Department of the Treasury
6,Department of the Treasury
6,Department of the Treasury
6,Department of the Treasury
6,Department of the Treasury
6,Department of the Treasury
6,Department of the Treasury
6,Department of the Treasury
6,Department of the Treasury
6,Department of the Treasury
6,Department of the Treasury
6,Department of the Treasury
6,Department of the Treasury
6,Department of the Treasury
6,Department of the Treasury
6,Department of the Treasury
6,Department of the Treasury
6,Department of the Treasury
6,Department of the Treasury
6,Department of the Treasury
6,Department of the Treasury
6,Department of the Treasury
6,Department of the Treasury
6,Department of the Treasury
6,Department of the Treasury
6,Department of the Treasury
6,Department of the Treasury
6,Department of the Treasury
6,Department of the Treasury
6,Department of the Treasury
6,Department of the Treasury
6,Department of the Treasury
6,Department of the Treasury
6,Department of the Treasury
6,Department of the Treasury
6,Department of the Treasury
6,Department of the Treasury
6,Department of the Treasury
6,Department of the Treasury
6,Department of the Treasury
6,Department of the Treasury
6,Department of the Treasury
6,Department of the Treasury
6,Department of the Treasury
6,Department of the Treasury
6,Department of the Treasury
6,Department of the Treasury
6,Department of the Treasury
6,Department of the Treasury
6,Department of the Treasury
6,Department of the Treasury
6,Department of the Treasury
6,Department of the Treasury
6,Department of the Treasury
6,Department of the Treasury
6,Department of the Treasury
6,Department of the Treasury
6,Department of the Treasury
6,Department of the Treasury
6,Department of the Treasury
6,Department of the Treasury
6,Department of the Treasury
6,Department of the Treasury
30,Department of Homeland Security
6,Department of the Treasury
6,Department of the Treasury
6,Department of the Treasury
6,Department of the Treasury
6,Department of the Treasury
6,Department of the Treasury
6,Department of the Treasury
6,Department of the Treasury
6,Department of the Treasury
8,Department of Defense
8,Department of Defense
8,Department of Defense
8,Department of Defense
8,Department of Defense
8,Department of Defense
8,Department of Defense
8,Department of Defense
8,Department of Defense
24,Department of Defense;Department of Transportation
8,Department of Defense
8,Department of Defense
8,Department of Defense
8,Department of Defense
8,Department of Defense
8,Department of Defense
24,Department of Defense;Department of Transportation
8,Department of Defense
24,Department of Defense;Department of Transportation
8,Department of Defense
8,Department of Defense
8,Department of Defense
24,Department of Defense;Department of Transportation
8,Department of Defense
8,Department of Defense
8,Department of Defense
8,Department of Defense
8,Department of Defense
8,Department of Defense
8,Department of Defense
8,Department of Defense
8,Department of Defense
8,Department of Defense
8,Department of Defense
8,Department of Defense
8,Department of Defense
8,Department of Defense
31,Office of Personnel Management
31,Office of Personnel Management
31,Office of Personnel Management
31,Office of Personnel Management
31,Office of Personnel Management
31,Office of Personnel Management
31,Office of Personnel Management
31,Office of Personnel Management
31,Office of Personnel Management
31,Office of Personnel Management
31,Office of Personnel Management
31,Office of Personnel Management
31,Office of Personnel Management
31,Office of Personnel Management
31,Office of Personnel Management
31,Office of Personnel Management
32,National Credit Union Administration
33,Federal Communications Commission
33,Federal Communications Commission
33,Federal Communications Commission
33,Federal Communications Commission
33,Federal Communications Commission
33,Federal Communications Commission
33,Federal Communications Commission
33,Federal Communications Commission
34,Social Security Administration
34,Social Security Administration
34,Social Security Administration
34,Social Security Administration
34,Social Security Administration
34,Social Security Administration
34,Social Security Administration
34,Social Security Administration
34,Social Security Administration
34,Social Security Administration
34,Social Security Administration
34,Social Security Administration
34,Social Security Administration
35,Federal Trade Commission
36,Nuclear Regulatory Commission
36,Nuclear Regulatory Commission
36,Nuclear Regulatory Commission
37,International Trade Commission
38,Department of Veterans Affairs
38,Department of Veterans Affairs
38,Department of Veterans Affairs
38,Department of Veterans Affairs
38,Department of Veterans Affairs
38,Department of Veterans Affairs
38,Department of Veterans Affairs
38,Department of Veterans Affairs
38,Department of Veterans Affairs
38,Department of Veterans Affairs
38,Department of Veterans Affairs
38,Department of Veterans Affairs
38,Department of Veterans Affairs
38,Department of Veterans Affairs
39,Department of Defense;Department of Veterans Affairs
38,Department of Veterans Affairs
38,Department of Veterans Affairs
38,Department of Veterans Affairs
38,Department of Veterans Affairs
38,Department of Veterans Affairs
38,Department of Veterans Affairs
38,Department of Veterans Affairs
38,Department of Veterans Affairs
38,Department of Veterans Affairs
38,Department of Veterans Affairs
38,Department of Veterans Affairs
38,Department of Veterans Affairs
38,Department of Veterans Affairs
38,Department of Veterans Affairs
38,Department of Veterans Affairs
38,Department of Veterans Affairs
38,Department of Veterans Affairs
38,Department of Veterans Affairs
38,Department of Veterans Affairs
38,Department of Veterans Affairs
38,Department of Veterans Affairs
38,Department of Veterans Affairs
38,Department of Veterans Affairs
38,Department of Veterans Affairs
38,Department of Veterans Affairs
38,Department of Veterans Affairs
38,Department of Veterans Affairs
38,Department of Veterans Affairs
38,Department of Veterans Affairs
38,Department of Veterans Affairs
38,Department of Veterans Affairs
38,Department of Veterans Affairs
40,Equal Employment Opportunity Commission
40,Equal Employment Opportunity Commission
41,National Science Foundation
41,National Science Foundation
41,National Science Foundation
41,National Science Foundation
41,National Science Foundation
41,National Science Foundation
41,National Science Foundation
41,National Science Foundation
41,National Science Foundation
42,Securities and Exchange Commission
42,Securities and Exchange Commission
42,Securities and Exchange Commission
43,Federal Deposit Insurance Corporation
43,Federal Deposit Insurance Corporation
43,Federal Deposit Insurance Corporation
44,Federal Labor Relations Authority
8,Department of Defense
8,Department of Defense
8,Department of Defense
8,Department of Defense
8,Department of Defense
8,Department of Defense
8,Department of Defense
8,Department of Defense
8,Department of Defense
8,Department of Defense
8,Department of Defense
8,Department of Defense
8,Department of Defense
24,Department of Defense;Department of Transportation
24,Department of Defense;Department of Transportation
8,Department of Defense
8,Department of Defense
8,Department of Defense
8,Department of Defense
8,Department of Defense
8,Department of Defense
8,Department of Defense
8,Department of Defense
8,Department of Defense
8,Department of Defense
8,Department of Defense
8,Department of Defense
8,Department of Defense
8,Department of Defense
8,Department of Defense
45,Railroad Retirement Board
45,Railroad Retirement Board
45,Railroad Retirement Board
45,Railroad Retirement Board
45,Railroad Retirement Board
45,Railroad Retirement Board
45,Railroad Retirement Board
45,Railroad Retirement Board
45,Railroad Retirement Board
45,Railroad Retirement Board
45,Railroad Retirement Board
45,Railroad Retirement Board
46,Consumer Product Safety Commission
46,Consumer Product Safety Commission
47,Office of Special Counsel
48,Federal Maritime Commission
49,Environmental Protection Agency
49,Environmental Protection Agency
49,Environmental Protection Agency
49,Environmental Protection Agency
49,Environmental Protection Agency
49,Environmental Protection Agency
49,Environmental Protection Agency
49,Environmental Protection Agency
49,Environmental Protection Agency
49,Environmental Protection Agency
49,Environmental Protection Agency
49,Environmental Protection Agency
49,Environmental Protection Agency
49,Environmental Protection Agency
49,Environmental Protection Agency
50,Department of Health and Human Services;Environmental Protection Agency
49,Environmental Protection Agency
49,Environmental Protection Agency
51,Department of Transportation
51,Department of Transportation
51,Department of Transportation
51,Department of Transportation
51,Department of Transportation
51,Department of Transportation
51,Department of Transportation
51,Department of Transportation
51,Department of Transportation
51,Department of Transportation
51,Department of Transportation
51,Department of Transportation
51,Department of Transportation
51,Department of Transportation
51,Department of Transportation
51,Department of Transportation
51,Department of Transportation
51,Department of Transportation
51,Department of Transportation
51,Department of Transportation
51,Department of Transportation
51,Department of Transportation
52,Corps of Engineers - Civil Works;Department of Agriculture;Department of the Interior;Department of Transportation
51,Department of Transportation
51,Department of Transportation
51,Department of Transportation
53,Denali Commission;Department of Transportation
51,Department of Transportation
51,Department of Transportation
54,Department of Energy;Department of the Interior;Department of Transportation
51,Department of Transportation
51,Department of Transportation
51,Department of Transportation
51,Department of Transportation
51,Department of Transportation
51,Department of Transportation
51,Department of Transportation
51,Department of Transportation
51,Department of Transportation
51,Department of Transportation
17,Department of the Interior
51,Department of Transportation
51,Department of Transportation
51,Department of Transportation
51,Department of Transportation
51,Department of Transportation
18,Department of the Interior;Department of Transportation
51,Department of Transportation
51,Department of Transportation
51,Department of Transportation
51,Department of Transportation
51,Department of Transportation
51,Department of Transportation
51,Department of Transportation
51,Department of Transportation
51,Department of Transportation
51,Department of Transportation
51,Department of Transportation
51,Department of Transportation
51,Department of Transportation
51,Department of Transportation
51,Department of Transportation
51,Department of Transportation
51,Department of Transportation
51,Department of Transportation
51,Department of Transportation
51,Department of Transportation
51,Department of Transportation
51,Department of Transportation
51,Department of Transportation
51,Department of Transportation
51,Department of Transportation
51,Department of Transportation
51,Department of Transportation
51,Department of Transportation
51,Department of Transportation
51,Department of Transportation
51,Department of Transportation
51,Department of Transportation
51,Department of Transportation
51,Department of Transportation
51,Department of Transportation
51,Department of Transportation
51,Department of Transportation
51,Department of Transportation
51,Department of Transportation
51,Department of Transportation
51,Department of Transportation
51,Department of Transportation
51,Department of Transportation
51,Department of Transportation
51,Department of Transportation
51,Department of Transportation
51,Department of Transportation
51,Department of Transportation
51,Department of Transportation
51,Department of Transportation
51,Department of Transportation
51,Department of Transportation
51,Department of Transportation
51,Department of Transportation
51,Department of Transportation
51,Department of Transportation
51,Department of Transportation
51,Department of Transportation
51,Department of Transportation
51,Department of Transportation
51,Department of Transportation
51,Department of Transportation
51,Department of Transportation
51,Department of Transportation
51,Department of Transportation
51,Department of Transportation
51,Department of Transportation
51,Department of Transportation
51,Department of Transportation
51,Department of Transportation
51,Department of Transportation
51,Department of Transportation
51,Department of Transportation
51,Department of Transportation
51,Department of Transportation
51,Department of Transportation
51,Department of Transportation
51,Department of Transportation
51,Department of Transportation
51,Department of Transportation
51,Department of Transportation
51,Department of Transportation
51,Department of Transportation
51,Department of Transportation
51,Department of Transportation
51,Department of Transportation
51,Department of Transportation
51,Department of Transportation
51,Department of Transportation
51,Department of Transportation
51,Department of Transportation
51,Department of Transportation
51,Department of Transportation
51,Department of Transportation
51,Department of Transportation
51,Department of Transportation
51,Department of Transportation
51,Department of Transportation
51,Department of Transportation
51,Department of Transportation
51,Department of Transportation
51,Department of Transportation
51,Department of Transportation
51,Department of Transportation
51,Department of Transportation
51,Department of Transportation
51,Department of Transportation
51,Department of Transportation
51,Department of Transportation
55,Corps of Engineers - Civil Works;Denali Commission;Department of Agriculture;Department of Defense;Department of the Interior;Department of the Treasury;Department of Transportation
51,Department of Transportation
51,Department of Transportation
51,Department of Transportation
51,Department of Transportation
51,Department of Transportation
51,Department of Transportation
51,Department of Transportation
51,Department of Transportation
51,Department of Transportation
51,Department of Transportation
51,Department of Transportation
51,Department of Transportation
51,Department of Transportation
51,Department of Transportation
51,Department of Transportation
51,Department of Transportation
51,Department of Transportation
51,Department of Transportation
51,Department of Transportation
51,Department of Transportation
51,Department of Transportation
51,Department of Transportation
51,Department of Transportation
51,Department of Transportation
51,Department of Transportation
51,Department of Transportation
51,Department of Transportation
51,Department of Transportation
30,Department of Homeland Security
30,Department of Homeland Security
30,Department of Homeland Security
30,Department of Homeland Security
30,Department of Homeland Security
30,Department of Homeland Security
30,Department of Homeland Security
30,Department of Homeland Security
30,Department of Homeland Security
30,Department of Homeland Security
30,Department of Homeland Security
30,Department of Homeland Security
30,Department of Homeland Security
30,Department of Homeland Security
30,Department of Homeland Security
30,Department of Homeland Security
30,Department of Homeland Security
30,Department of Homeland Security
30,Department of Homeland Security
30,Department of Homeland Security
30,Department of Homeland Security
30,Department of Homeland Security
30,Department of Homeland Security
30,Department of Homeland Security
30,Department of Homeland Security
30,Department of Homeland Security
30,Department of Homeland Security
30,Department of Homeland Security
30,Department of Homeland Security
30,Department of Homeland Security
30,Department of Homeland Security
30,Department of Homeland Security
30,Department of Homeland Security
30,Department of Homeland Security
30,Department of Homeland Security
30,Department of Homeland Security
30,Department of Homeland Security
30,Department of Homeland Security
30,Department of Homeland Security
30,Department of Homeland Security
30,Department of Homeland Security
30,Department of Homeland Security
30,Department of Homeland Security
30,Department of Homeland Security
30,Department of Homeland Security
30,Department of Homeland Security
30,Department of Homeland Security
30,Department of Homeland Security
30,Department of Homeland Security
30,Department of Homeland Security
30,Department of Homeland Security
30,Department of Homeland Security
30,Department of Homeland Security
30,Department of Homeland Security
30,Department of Homeland Security
30,Department of Homeland Security
30,Department of Homeland Security
30,Department of Homeland Security
30,Department of Homeland Security
30,Department of Homeland Security
30,Department of Homeland Security
30,Department of Homeland Security
30,Department of Homeland Security
30,Department of Homeland Security
30,Department of Homeland Security
30,Department of Homeland Security
30,Department of Homeland Security
30,Department of Homeland Security
30,Department of Homeland Security
30,Department of Homeland Security
30,Department of Homeland Security
30,Department of Homeland Security
30,Department of Homeland Security
30,Department of Homeland Security
30,Department of Homeland Security
30,Department of Homeland Security
30,Department of Homeland Security
30,Department of Homeland Security
30,Department of Homeland Security
30,Department of Homeland Security
30,Department of Homeland Security
30,Department of Homeland Security
30,Department of Homeland Security
30,Department of Homeland Security
30,Department of Homeland Security
30,Department of Homeland Security
30,Department of Homeland Security
30,Department of Homeland Security
30,Department of Homeland Security
30,Department of Homeland Security
30,Department of Homeland Security
30,Department of Homeland Security
30,Department of Homeland Security
30,Department of Homeland Security
30,Department of Homeland Security
30,Department of Homeland Security
30,Department of Homeland Security
30,Department of Homeland Security
30,Department of Homeland Security
30,Department of Homeland Security
30,Department of Homeland Security
30,Department of Homeland Security
30,Department of Homeland Security
30,Department of Homeland Security
30,Department of Homeland Security
30,Department of Homeland Security
30,Department of Homeland Security
30,Department of Homeland Security
30,Department of Homeland Security
30,Department of Homeland Security
30,Department of Homeland Security
30,Department of Homeland Security
30,Department of Homeland Security
30,Department of Homeland Security
30,Department of Homeland Security
30,Department of Homeland Security
30,Department of Homeland Security
30,Department of Homeland Security
30,Department of Homeland Security
56,U.S. International Development Finance Corporation
28,Agency for International Development
28,Agency for International Development
25,Agency for International Development;Department of State
28,Agency for International Development
28,Agency for International Development
28,Agency for International Development
25,Agency for International Development;Department of State
28,Agency for International Development
25,Agency for International Development;Department of State
25,Agency for International Development;Department of State
57,Agency for International Development;Department of Agriculture;Department of State
28,Agency for International Development
28,Agency for International Development
28,Agency for International Development
28,Agency for International Development
28,Agency for International Development
28,Agency for International Development
58,Agency for International Development;Department of Health and Human Services;Department of State;Department of the Treasury
28,Agency for International Development
25,Agency for International Development;Department of State
28,Agency for International Development
28,Agency for International Development
28,Agency for International Development
28,Agency for International Development
28,Agency for International Development
28,Agency for International Development
28,Agency for International Development
28,Agency for International Development
28,Agency for International Development
28,Agency for International Development
28,Agency for International Development
13,Small Business Administration
13,Small Business Administration
13,Small Business Administration
13,Small Business Administration
13,Small Business Administration
13,Small Business Administration
13,Small Business Administration
13,Small Business Administration
13,Small Business Administration
13,Small Business Administration
13,Small Business Administration
13,Small Business Administration
13,Small Business Administration
13,Small Business Administration
13,Small Business Administration
59,American Battle Monuments Commission
59,American Battle Monuments Commission
59,American Battle Monuments Commission
60,Department of Health and Human Services
60,Department of Health and Human Services
60,Department of Health and Human Services
60,Department of Health and Human Services
60,Department of Health and Human Services
60,Department of Health and Human Services
60,Department of Health and Human Services
29,Department of Health and Human Services;Department of the Treasury
60,Department of Health and Human Services
60,Department of Health and Human Services
60,Department of Health and Human Services
29,Department of Health and Human Services;Department of the Treasury
60,Department of Health and Human Services
60,Department of Health and Human Services
60,Department of Health and Human Services
60,Department of Health and Human Services
60,Department of Health and Human Services
60,Department of Health and Human Services
61,Department of Health and Human Services;Social Security Administration
60,Department of Health and Human Services
60,Department of Health and Human Services
60,Department of Health and Human Services
60,Department of Health and Human Services
60,Department of Health and Human Services
60,Department of Health and Human Services
60,Department of Health and Human Services
60,Department of Health and Human Services
60,Department of Health and Human Services
60,Department of Health and Human Services
60,Department of Health and Human Services
60,Department of Health and Human Services
60,Department of Health and Human Services
60,Department of Health and Human Services
60,Department of Health and Human Services
60,Department of Health and Human Services
60,Department of Health and Human Services
60,Department of Health and Human Services
60,Department of Health and Human Services
60,Department of Health and Human Services
60,Department of Health and Human Services
60,Department of Health and Human Services
60,Department of Health and Human Services
60,Department of Health and Human Services
60,Department of Health and Human Services
60,Department of Health and Human Services
60,Department of Health and Human Services
60,Department of Health and Human Services
60,Department of Health and Human Services
60,Department of Health and Human Services
60,Department of Health and Human Services
60,Department of Health and Human Services
60,Department of Health and Human Services
60,Department of Health and Human Services
60,Department of Health and Human Services
60,Department of Health and Human Services
60,Department of Health and Human Services
60,Department of Health and Human Services
60,Department of Health and Human Services
60,Department of Health and Human Services
60,Department of Health and Human Services
60,Department of Health and Human Services
60,Department of Health and Human Services
60,Department of Health and Human Services
60,Department of Health and Human Services
60,Department of Health and Human Services
60,Department of Health and Human Services
60,Department of Health and Human Services
60,Department of Health and Human Services
60,Department of Health and Human Services
60,Department of Health and Human Services
60,Department of Health and Human Services
60,Department of Health and Human Services
60,Department of Health and Human Services
60,Department of Health and Human Services
60,Department of Health and Human Services
60,Department of Health and Human Services
60,Department of Health and Human Services
60,Department of Health and Human Services
60,Department of Health and Human Services
60,Department of Health and Human Services
60,Department of Health and Human Services
60,Department of Health and Human Services
60,Department of Health and Human Services
60,Department of Health and Human Services
60,Department of Health and Human Services
60,Department of Health and Human Services
60,Department of Health and Human Services
60,Department of Health and Human Services
60,Department of Health and Human Services
60,Department of Health and Human Services
60,Department of Health and Human Services
60,Department of Health and Human Services
60,Department of Health and Human Services
60,Department of Health and Human Services
60,Department of Health and Human Services
60,Department of Health and Human Services
60,Department of Health and Human Services
60,Department of Health and Human Services
60,Department of Health and Human Services
60,Department of Health and Human Services
60,Department of Health and Human Services
60,Department of Health and Human Services
60,Department of Health and Human Services
60,Department of Health and Human Services
60,Department of Health and Human Services
60,Department of Health and Human Services
60,Department of Health and Human Services
60,Department of Health and Human Services
60,Department of Health and Human Services
60,Department of Health and Human Services
60,Department of Health and Human Services
60,Department of Health and Human Services
60,Department of Health and Human Services
60,Department of Health and Human Services
60,Department of Health and Human Services
60,Department of Health and Human Services
60,Department of Health and Human Services
60,Department of Health and Human Services
62,Department of Health and Human Services;Department of the Interior
60,Department of Health and Human Services
60,Department of Health and Human Services
62,Department of Health and Human Services;Department of the Interior
62,Department of Health and Human Services;Department of the Interior
60,Department of Health and Human Services
60,Department of Health and Human Services
60,Department of Health and Human Services
62,Department of Health and Human Services;Department of the Interior
60,Department of Health and Human Services
62,Department of Health and Human Services;Department of the Interior
63,Department of Commerce;Department of Health and Human Services;Department of the Interior
60,Department of Health and Human Services
60,Department of Health and Human Services
60,Department of Health and Human Services
60,Department of Health and Human Services
60,Department of Health and Human Services
60,Department of Health and Human Services
60,Department of Health and Human Services
60,Department of Health and Human Services
60,Department of Health and Human Services
60,Department of Health and Human Services
60,Department of Health and Human Services
60,Department of Health and Human Services
60,Department of Health and Human Services
60,Department of Health and Human Services
60,Department of Health and Human Services
60,Department of Health and Human Services
60,Department of Health and Human Services
60,Department of Health and Human Services
60,Department of Health and Human Services
60,Department of Health and Human Services
60,Department of Health and Human Services
60,Department of Health and Human Services
60,Department of Health and Human Services
60,Department of Health and Human Services
60,Department of Health and Human Services
60,Department of Health and Human Services
60,Department of Health and Human Services
60,Department of Health and Human Services
60,Department of Health and Human Services
60,Department of Health and Human Services
60,Department of Health and Human Services
60,Department of Health and Human Services
60,Department of Health and Human Services
60,Department of Health and Human Services
60,Department of Health and Human Services
60,Department of Health and Human Services
60,Department of Health and Human Services
60,Department of Health and Human Services
60,Department of Health and Human Services
60,Department of Health and Human Services
60,Department of Health and Human Services
60,Department of Health and Human Services
60,Department of Health and Human Services
60,Department of Health and Human Services
60,Department of Health and Human Services
60,Department of Health and Human Services
56,U.S. International Development Finance Corporation
56,U.S. International Development Finance Corporation
56,U.S. International Development Finance Corporation
56,U.S. International Development Finance Corporation
56,U.S. International Development Finance Corporation
56,U.S. International Development Finance Corporation
56,U.S. International Development Finance Corporation
64,National Aeronautics and Space Administration
64,National Aeronautics and Space Administration
64,National Aeronautics and Space Administration
64,National Aeronautics and Space Administration
64,National Aeronautics and Space Administration
64,National Aeronautics and Space Administration
64,National Aeronautics and Space Administration
64,National Aeronautics and Space Administration
64,National Aeronautics and Space Administration
64,National Aeronautics and Space Administration
64,National Aeronautics and Space Administration
64,National Aeronautics and Space Administration
64,National Aeronautics and Space Administration
64,National Aeronautics and Space Administration
65,Export-Import Bank of the United States
65,Export-Import Bank of the United States
65,Export-Import Bank of the United States
66,Armed Forces Retirement Home
66,Armed Forces Retirement Home
67,Department of Housing and Urban Development
67,Department of Housing and Urban Development
67,Department of Housing and Urban Development
67,Department of Housing and Urban Development
67,Department of Housing and Urban Development
67,Department of Housing and Urban Development
67,Department of Housing and Urban Development
67,Department of Housing and Urban Development
67,Department of Housing and Urban Development
67,Department of Housing and Urban Development
67,Department of Housing and Urban Development
67,Department of Housing and Urban Development
67,Department of Housing and Urban Development
67,Department of Housing and Urban Development
67,Department of Housing and Urban Development
67,Department of Housing and Urban Development
67,Department of Housing and Urban Development
67,Department of Housing and Urban Development
67,Department of Housing and Urban Development
67,Department of Housing and Urban Development
67,Department of Housing and Urban Development
67,Department of Housing and Urban Development
67,Department of Housing and Urban Development
67,Department of Housing and Urban Development
67,Department of Housing and Urban Development
67,Department of Housing and Urban Development
67,Department of Housing and Urban Development
67,Department of Housing and Urban Development
67,Department of Housing and Urban Development
67,Department of Housing and Urban Development
67,Department of Housing and Urban Development
67,Department of Housing and Urban Development
67,Department of Housing and Urban Development
67,Department of Housing and Urban Development
67,Department of Housing and Urban Development
67,Department of Housing and Urban Development
67,Department of Housing and Urban Development
67,Department of Housing and Urban Development
67,Department of Housing and Urban Development
67,Department of Housing and Urban Development
67,Department of Housing and Urban Development
67,Department of Housing and Urban Development
67,Department of Housing and Urban Development
67,Department of Housing and Urban Development
67,Department of Housing and Urban Development
67,Department of Housing and Urban Development
67,Department of Housing and Urban Development
67,Department of Housing and Urban Development
67,Department of Housing and Urban Development
67,Department of Housing and Urban Development
67,Department of Housing and Urban Development
67,Department of Housing and Urban Development
67,Department of Housing and Urban Development
67,Department of Housing and Urban Development
67,Department of Housing and Urban Development
67,Department of Housing and Urban Development
67,Department of Housing and Urban Development
67,Department of Housing and Urban Development
67,Department of Housing and Urban Development
67,Department of Housing and Urban Development
67,Department of Housing and Urban Development
68,National Archives and Records Administration
68,National Archives and Records Administration
68,National Archives and Records Administration
68,National Archives and Records Administration
68,National Archives and Records Administration
68,National Archives and Records Administration
68,National Archives and Records Administration
69,Department of Energy
69,Department of Energy
69,Department of Energy
69,Department of Energy
69,Department of Energy
69,Department of Energy
69,Department of Energy
69,Department of Energy
69,Department of Energy
69,Department of Energy
69,Department of Energy
69,Department of Energy
69,Department of Energy
69,Department of Energy
69,Department of Energy
69,Department of Energy
69,Department of Energy
69,Department of Energy
69,Department of Energy
69,Department of Energy
69,Department of Energy
69,Department of Energy
69,Department of Energy
69,Department of Energy
69,Department of Energy
69,Department of Energy
69,Department of Energy
69,Department of Energy
69,Department of Energy
69,Department of Energy
69,Department of Energy
69,Department of Energy
69,Department of Energy
69,Department of Energy
69,Department of Energy
69,Department of Energy
69,Department of Energy
69,Department of Energy
69,Department of Energy
69,Department of Energy
69,Department of Energy
69,Department of Energy
69,Department of Energy
69,Department of Energy
69,Department of Energy
69,Department of Energy
69,Department of Energy
69,Department of Energy
69,Department of Energy
69,Department of Energy
69,Department of Energy
69,Department of Energy
69,Department of Energy
69,Department of Energy
69,Department of Energy
69,Department of Energy
69,Department of Energy
69,Department of Energy
69,Department of Energy
69,Department of Energy
69,Department of Energy
70,Department of Education
70,Department of Education
70,Department of Education
70,Department of Education
70,Department of Education
70,Department of Education
70,Department of Education
70,Department of Education
70,Department of Education
70,Department of Education
70,Department of Education
70,Department of Education
70,Department of Education
70,Department of Education
70,Department of Education
70,Department of Education
70,Department of Education
70,Department of Education
70,Department of Education
71,Department of Education;Department of the Interior
71,Department of Education;Department of the Interior
70,Department of Education
70,Department of Education
70,Department of Education
70,Department of Education
70,Department of Education
70,Department of Education
70,Department of Education
71,Department of Education;Department of the Interior
70,Department of Education
70,Department of Education
70,Department of Education
70,Department of Education
70,Department of Education
70,Department of Education
70,Department of Education
70,Department of Education
70,Department of Education
72,Federal Mediation and Conciliation Service
73,Corps of Engineers - Civil Works
73,Corps of Engineers - Civil Works
73,Corps of Engineers - Civil Works
73,Corps of Engineers - Civil Works
73,Corps of Engineers - Civil Works
73,Corps of Engineers - Civil Works
73,Corps of Engineers - Civil Works
73,Corps of Engineers - Civil Works
73,Corps of Engineers - Civil Works
73,Corps of Engineers - Civil Works
73,Corps of Engineers - Civil Works
73,Corps of Engineers - Civil Works
73,Corps of Engineers - Civil Works
73,Corps of Engineers - Civil Works
73,Corps of Engineers - Civil Works
73,Corps of Engineers - Civil Works
73,Corps of Engineers - Civil Works
73,Corps of Engineers - Civil Works
73,Corps of Engineers - Civil Works
73,Corps of Engineers - Civil Works
73,Corps of Engineers - Civil Works
73,Corps of Engineers - Civil Works
8,Department of Defense
8,Department of Defense
8,Department of Defense
8,Department of Defense
8,Department of Defense
8,Department of Defense
8,Department of Defense
8,Department of Defense
8,Department of Defense
8,Department of Defense
8,Department of Defense
8,Department of Defense
8,Department of Defense
8,Department of Defense
8,Department of Defense
8,Department of Defense
8,Department of Defense
8,Department of Defense
8,Department of Defense
8,Department of Defense
8,Department of Defense
8,Department of Defense
24,Department of Defense;Department of Transportation
24,Department of Defense;Department of Transportation
8,Department of Defense
8,Department of Defense
8,Department of Defense
8,Department of Defense
8,Department of Defense
8,Department of Defense
8,Department of Defense
8,Department of Defense
8,Department of Defense
8,Department of Defense
8,Department of Defense
8,Department of Defense
8,Department of Defense
8,Department of Defense
8,Department of Defense
8,Department of Defense
8,Department of Defense
8,Department of Defense
8,Department of Defense
8,Department of Defense
8,Department of Defense
8,Department of Defense
8,Department of Defense
8,Department of Defense
8,Department of Defense
8,Department of Defense
8,Department of Defense
8,Department of Defense
8,Department of Defense
8,Department of Defense
8,Department of Defense
8,Department of Defense
8,Department of Defense
8,Department of Defense
8,Department of Defense
8,Department of Defense
8,Department of Defense
8,Department of Defense
8,Department of Defense
8,Department of Defense
8,Department of Defense
8,Department of Defense
74,Inter-American Foundation
74,Inter-American Foundation
75,African Development Foundation
75,African Development Foundation
76,400 Years of African-American History Commission
77,Public Buildings Reform Board
78,Administrative Conference of the U.S.
79,Advisory Council on Historic Preservation
79,Advisory Council on Historic Preservation
80,Department of Agriculture;Department of Commerce;Department of Housing and Urban Development;Department of Transportation
81,Access Board
82,Barry Goldwater Scholarship and Excellence In Education Foundation
82,Barry Goldwater Scholarship and Excellence In Education Foundation
83,Commission of Fine Arts
83,Commission of Fine Arts
84,Commission on Civil Rights
85,Committee for Purchase from People Who Are Blind or Severely Disabled
86,Commodity Futures Trading Commission
86,Commodity Futures Trading Commission
86,Commodity Futures Trading Commission
86,Commodity Futures Trading Commission
87,United States Court of Appeals for Veterans Claims
87,United States Court of Appeals for Veterans Claims
87,United States Court of Appeals for Veterans Claims
88,Defense Nuclear Facilities Safety Board
89,District of Columbia Courts
89,District of Columbia Courts
89,District of Columbia Courts
90,Farm Credit System Insurance Corporation
91,Federal Election Commission
92,Federal Financial Institutions Examination Council
93,Federal Mine Safety and Health Review Commission
6,Department of the Treasury
94,James Madison Memorial Fellowship Foundation
95,Japan-United States Friendship Commission
96,Merit Systems Protection Board
97,National Capital Planning Commission
98,National Endowment for the Arts
98,National Endowment for the Arts
98,National Endowment for the Arts
99,National Endowment for the Humanities
99,National Endowment for the Humanities
100,National Labor Relations Board
100,National Labor Relations Board
100,National Labor Relations Board
101,National Mediation Board
102,National Transportation Safety Board
102,National Transportation Safety Board
103,Nuclear Waste Technical Review Board
104,Occupational Safety and Health Review Commission
105,Office of Government Ethics
106,Office of Navajo and Hopi Indian Relocation
107,Gulf Coast Ecosystem Restoration Council
108,Surface Transportation Board
109,Federal Permitting Improvement Steering Council
110,Institute of Museum and Library Services
110,Institute of Museum and Library Services
111,Corporation for National and Community Service
111,Corporation for National and Community Service
111,Corporation for National and Community Service
111,Corporation for National and Community Service
111,Corporation for National and Community Service
111,Corporation for National and Community Service
111,Corporation for National and Community Service
112,Morris K. Udall and Stewart L. Udall Foundation
112,Morris K. Udall and Stewart L. Udall Foundation
112,Morris K. Udall and Stewart L. Udall Foundation
113,United States Chemical Safety Board
113,United States Chemical Safety Board
114,Court Services and Offender Supervision Agency
115,Presidio Trust
116,Denali Commission
116,Denali Commission
116,Denali Commission
117,U.S. Agency for Global Media
117,U.S. Agency for Global Media
117,U.S. Agency for Global Media
117,U.S. Agency for Global Media
117,U.S. Agency for Global Media
117,U.S. Agency for Global Media
9,Department of Agriculture
118,Millennium Challenge Corporation
119,Election Assistance Commission
119,Election Assistance Commission
119,Election Assistance Commission
120,Privacy and Civil Liberties Oversight Board
121,Council of the Inspectors General on Integrity and Efficiency
121,Council of the Inspectors General on Integrity and Efficiency
122,Northern Border Regional Commission
123,Southeast Crescent Regional Commission
124,Patient-Centered Outcomes Research Trust Fund
124,Patient-Centered Outcomes Research Trust Fund
6,Department of the Treasury
125,Consumer Financial Protection Bureau
125,Consumer Financial Protection Bureau
